{
  "project_info": {
    "project_number": "205538215340",
    "firebase_url": "https://usna-sapr-app-default-rtdb.firebaseio.com",
    "project_id": "usna-sapr-app",
    "storage_bucket": "usna-sapr-app.appspot.com"
  },
  "client": [
    {
      "client_info": {
        "mobilesdk_app_id": "1:205538215340:android:fbdaa242066c8263c5e609",
        "android_client_info": {
          "package_name": "edu.usna.mobileos.saprapp"
        }
      },
      "oauth_client": [
        {
          "client_id": "205538215340-5muodt4bpfvlnjqaf7ihnrcs949lbahg.apps.googleusercontent.com",
          "client_type": 3
        }
      ],
      "api_key": [
        {
          "current_key": "AIzaSyCNhbipmaUYcekgvzAn50zDpgDal_kHXKE"
        }
      ],
      "services": {
        "appinvite_service": {
          "other_platform_oauth_client": [
            {
              "client_id": "205538215340-5muodt4bpfvlnjqaf7ihnrcs949lbahg.apps.googleusercontent.com",
              "client_type": 3
            },
            {
              "client_id": "205538215340-nv9kl0jggn4uv36tqgnt26i88nuu27k6.apps.googleusercontent.com",
              "client_type": 2,
              "ios_info": {
                "bundle_id": "USNA.WorkPlease"
              }
            }
          ]
        }
      }
    },
    {
      "client_info": {
        "mobilesdk_app_id": "1:205538215340:android:ba25a0c87d37a76dc5e609",
        "android_client_info": {
          "package_name": "edu.usna.mobileos.saprapp2"
        }
      },
      "oauth_client": [
        {
          "client_id": "205538215340-5muodt4bpfvlnjqaf7ihnrcs949lbahg.apps.googleusercontent.com",
          "client_type": 3
        }
      ],
      "api_key": [
        {
          "current_key": "AIzaSyCNhbipmaUYcekgvzAn50zDpgDal_kHXKE"
        }
      ],
      "services": {
        "appinvite_service": {
          "other_platform_oauth_client": [
            {
              "client_id": "205538215340-5muodt4bpfvlnjqaf7ihnrcs949lbahg.apps.googleusercontent.com",
              "client_type": 3
            },
            {
              "client_id": "205538215340-nv9kl0jggn4uv36tqgnt26i88nuu27k6.apps.googleusercontent.com",
              "client_type": 2,
              "ios_info": {
                "bundle_id": "USNA.WorkPlease"
              }
            }
          ]
        }
      }
    },
    {
      "client_info": {
        "mobilesdk_app_id": "1:205538215340:android:3711e2ef6cec54e3c5e609",
        "android_client_info": {
          "package_name": "edu.usna.moblieos.applicationa"
        }
      },
      "oauth_client": [
        {
          "client_id": "205538215340-5muodt4bpfvlnjqaf7ihnrcs949lbahg.apps.googleusercontent.com",
          "client_type": 3
        }
      ],
      "api_key": [
        {
          "current_key": "AIzaSyCNhbipmaUYcekgvzAn50zDpgDal_kHXKE"
        }
      ],
      "services": {
        "appinvite_service": {
          "other_platform_oauth_client": [
            {
              "client_id": "205538215340-5muodt4bpfvlnjqaf7ihnrcs949lbahg.apps.googleusercontent.com",
              "client_type": 3
            },
            {
              "client_id": "205538215340-nv9kl0jggn4uv36tqgnt26i88nuu27k6.apps.googleusercontent.com",
              "client_type": 2,
              "ios_info": {
                "bundle_id": "USNA.WorkPlease"
              }
            }
          ]
        }
      }
    }
  ],
  "configuration_version": "1"
}