{
  "project_info": {
    "project_number": "205538215340",
    "firebase_url": "https://usna-sapr-app-default-rtdb.firebaseio.com",
    "project_id": "usna-sapr-app",
    "storage_bucket": "usna-sapr-app.appspot.com"
  },
  "client": [
    {
      "client_info": {
        "mobilesdk_app_id": "1:205538215340:android:d5e9d51ddb4deb7bc5e609",
        "android_client_info": {
          "package_name": "edu.usna.mobileos.sapr_app_prototype"
        }
      },
      "oauth_client": [
        {
          "client_id": "205538215340-5muodt4bpfvlnjqaf7ihnrcs949lbahg.apps.googleusercontent.com",
          "client_type": 3
        }
      ],
      "api_key": [
        {
          "current_key": "AIzaSyCNhbipmaUYcekgvzAn50zDpgDal_kHXKE"
        }
      ],
      "services": {
        "appinvite_service": {
          "other_platform_oauth_client": [
            {
              "client_id": "205538215340-5muodt4bpfvlnjqaf7ihnrcs949lbahg.apps.googleusercontent.com",
              "client_type": 3
            }
          ]
        }
      }
    },
    {
      "client_info": {
        "mobilesdk_app_id": "1:205538215340:android:b2fc28fe13d64336c5e609",
        "android_client_info": {
          "package_name": "edu.usna.mobileos.saprapp"
        }
      },
      "oauth_client": [
        {
          "client_id": "205538215340-ufh4foujfn61cik608cf8v73o6m8m8pn.apps.googleusercontent.com",
          "client_type": 1,
          "android_info": {
            "package_name": "edu.usna.mobileos.saprapp",
            "certificate_hash": "09605c68148463038cdf708a0c0a3a3f6d4f199a"
          }
        },
        {
          "client_id": "205538215340-5muodt4bpfvlnjqaf7ihnrcs949lbahg.apps.googleusercontent.com",
          "client_type": 3
        }
      ],
      "api_key": [
        {
          "current_key": "AIzaSyCNhbipmaUYcekgvzAn50zDpgDal_kHXKE"
        }
      ],
      "services": {
        "appinvite_service": {
          "other_platform_oauth_client": [
            {
              "client_id": "205538215340-5muodt4bpfvlnjqaf7ihnrcs949lbahg.apps.googleusercontent.com",
              "client_type": 3
            }
          ]
        }
      }
    }
  ],
  "configuration_version": "1"
}